AmAcid;Codon;Number;div1000;Fraction
Ala;GCG;79601.00;38.59;0.33
Ala;GCA;11927.00;5.78;0.05
Ala;GCT;11045.00;5.35;0.05
Ala;GCC;136895.00;66.37;0.57
Cys;TGT;2152.00;1.04;0.10
Cys;TGC;18499.00;8.97;0.90
Asp;GAT;23256.00;11.27;0.21
Asp;GAC;86750.00;42.06;0.79
Glu;GAG;76908.00;37.29;0.61
Glu;GAA;48479.00;23.50;0.39
Phe;TTT;4440.00;2.15;0.06
Phe;TTC;68279.00;33.10;0.94
Gly;GGG;20451.00;9.92;0.12
Gly;GGA;8761.00;4.25;0.05
Gly;GGT;17195.00;8.34;0.10
Gly;GGC;124130.00;60.18;0.73
His;CAT;13423.00;6.51;0.30
His;CAC;31560.00;15.30;0.70
Ile;ATA;2196.00;1.06;0.03
Ile;ATT;6928.00;3.36;0.08
Ile;ATC;77285.00;37.47;0.89
Lys;AAG;51579.00;25.01;0.86
Lys;AAA;8519.00;4.13;0.14
Leu;TTG;19088.00;9.25;0.07
Leu;TTA;798.00;0.39;0.00
Leu;CTG;166972.00;80.95;0.66
Leu;CTA;3420.00;1.66;0.01
Leu;CTT;7632.00;3.70;0.03
Leu;CTC;56808.00;27.54;0.22
Met;ATG;41888.00;20.31;1.00
Asn;AAT;8211.00;3.98;0.15
Asn;AAC;46005.00;22.30;0.85
Pro;CCG;67117.00;32.54;0.64
Pro;CCA;5245.00;2.54;0.05
Pro;CCT;5042.00;2.44;0.05
Pro;CCC;27538.00;13.35;0.26
Gln;CAG;74203.00;35.97;0.84
Gln;CAA;13779.00;6.68;0.16
Arg;AGG;4444.00;2.15;0.03
Arg;AGA;1222.00;0.59;0.01
Arg;CGG;28945.00;14.03;0.18
Arg;CGA;5434.00;2.63;0.03
Arg;CGT;16562.00;8.03;0.11
Arg;CGC;100019.00;48.49;0.64
Ser;AGT;5517.00;2.67;0.05
Ser;AGC;52134.00;25.28;0.46
Ser;TCG;27221.00;13.20;0.24
Ser;TCA;1806.00;0.88;0.02
Ser;TCT;2279.00;1.10;0.02
Ser;TCC;24817.00;12.03;0.22
Thr;ACG;15077.00;7.31;0.17
Thr;ACA;2330.00;1.13;0.03
Thr;ACT;3922.00;1.90;0.04
Thr;ACC;66266.00;32.13;0.76
Val;GTG;68126.00;33.03;0.48
Val;GTA;8355.00;4.05;0.06
Val;GTT;6310.00;3.06;0.04
Val;GTC;58480.00;28.35;0.41
Trp;TGG;31105.00;15.08;1.00
Tyr;TAT;11128.00;5.40;0.21
Tyr;TAC;40808.00;19.78;0.79
End;TGA;4943.00;2.40;0.78
End;TAG;743.00;0.36;0.12
End;TAA;633.00;0.31;0.10
