AmAcid;Codon;Number;div1000;Fraction 
Ala;GCG;79316.00;38.64;0.33 
Ala;GCA;11725.00;5.71;0.05 
Ala;GCT;10861.00;5.29;0.05 
Ala;GCC;136542.00;66.52;0.57 
Cys;TGT;2128.00;1.04;0.10 
Cys;TGC;18418.00;8.97;0.90 
Asp;GAT;22886.00;11.15;0.21 
Asp;GAC;86344.00;42.07;0.79 
Glu;GAG;76622.00;37.33;0.62 
Glu;GAA;47928.00;23.35;0.38 
Phe;TTT;4222.00;2.06;0.06 
Phe;TTC;68024.00;33.14;0.94 
Gly;GGG;20377.00;9.93;0.12 
Gly;GGA;8727.00;4.25;0.05 
Gly;GGT;17152.00;8.36;0.10 
Gly;GGC;123691.00;60.26;0.73 
His;CAT;13365.00;6.51;0.30 
His;CAC;31588.00;15.39;0.70 
Ile;ATA;2157.00;1.05;0.03 
Ile;ATT;6805.00;3.32;0.08 
Ile;ATC;76990.00;37.51;0.90 
Lys;AAG;51102.00;24.90;0.86 
Lys;AAA;8247.00;4.02;0.14 
Leu;TTG;18788.00;9.15;0.07 
Leu;TTA;754.00;0.37;0.00 
Leu;CTG;166720.00;81.23;0.66 
Leu;CTA;3385.00;1.65;0.01 
Leu;CTT;7437.00;3.62;0.03 
Leu;CTC;56704.00;27.63;0.22 
Met;ATG;41740.00;20.34;1.00 
Asn;AAT;8080.00;3.94;0.15 
Asn;AAC;45811.00;22.32;0.85 
Pro;CCG;66957.00;32.62;0.64 
Pro;CCA;5126.00;2.50;0.05 
Pro;CCT;4951.00;2.41;0.05 
Pro;CCC;27464.00;13.38;0.26 
Gln;CAG;74002.00;36.05;0.84 
Gln;CAA;13577.00;6.61;0.16 
Arg;AGG;4365.00;2.13;0.03 
Arg;AGA;1191.00;0.58;0.01 
Arg;CGG;28834.00;14.05;0.18 
Arg;CGA;5388.00;2.63;0.03 
Arg;CGT;16435.00;8.01;0.11 
Arg;CGC;99687.00;48.57;0.64 
Ser;AGT;5504.00;2.68;0.05 
Ser;AGC;51982.00;25.33;0.46 
Ser;TCG;27094.00;13.20;0.24 
Ser;TCA;1734.00;0.84;0.02 
Ser;TCT;2189.00;1.07;0.02 
Ser;TCC;24616.00;11.99;0.22 
Thr;ACG;14924.00;7.27;0.17 
Thr;ACA;2239.00;1.09;0.03 
Thr;ACT;3817.00;1.86;0.04 
Thr;ACC;66080.00;32.19;0.76 
Val;GTG;67914.00;33.09;0.48 
Val;GTA;8320.00;4.05;0.06 
Val;GTT;6151.00;3.00;0.04 
Val;GTC;58464.00;28.48;0.42 
Trp;TGG;30878.00;15.04;1.00 
Tyr;TAT;11004.00;5.36;0.21 
Tyr;TAC;40735.00;19.85;0.79 
End;TGA;4921.00;2.40;0.78 
End;TAG;733.00;0.36;0.12 
End;TAA;629.00;0.31;0.10
